scale_L,agitation_rpm,airflow_L_per_min,ph_setpoint,temperature_C,titer_g_per_L
1.0,152.97996991364937,0.04898825112168532,7.302845112415029,36.99925805735707,3.957495962694716
1.0,234.82333047278811,0.057803715742154184,6.535922973990305,37.54345423746318,5.947868179484097
1.0,162.2168578084649,0.04908372186868051,7.548731046945915,36.28173617326814,2.395363519192642
1.0,210.7579435725309,0.055519010301543596,6.702395180463091,37.31055147760519,5.7326010408649966
1.0,132.46557658357005,0.05702716347298609,6.818527993880061,36.72026231884448,5.9564754198872105
1.0,228.18855490735905,0.0497695672565493,6.572292605760814,37.491383232035304,5.893257677501754
1.0,190.7322183818361,0.05349122464555742,6.551011405380904,36.39206405615759,6.346032548551746
1.0,245.98137351692196,0.05861855089700855,6.685990321264072,37.41864522762478,6.332200953953036
1.0,150.36235233442284,0.054926247147789854,6.420229243769982,36.44212560736512,5.611455974351284
1.0,150.99241039659773,0.044755173926471596,6.760090396123831,36.444689145614724,5.78503123030226
3.0,129.20569701327003,0.1573130137204729,6.922526249481656,37.180693565983375,5.938246485851995
3.0,150.85485418862163,0.1615188288287621,7.476257348868583,37.77839832021563,3.818093144419774
3.0,208.70528895398482,0.12213904672980087,7.349425957923471,37.919439040768886,4.420790799619573
3.0,185.27514475493118,0.14034296166880558,6.822127709166965,37.35177507386859,6.004458854035037
3.0,144.85090324880633,0.17516347836665647,6.751433735005191,36.9370660836662,6.07075117316853
3.0,164.9077568239833,0.14610023700176444,6.660841113172628,37.92149514538096,6.04143296527455
3.0,155.90452496578942,0.14405784506611852,6.515049159972353,36.32685613987274,6.004143851791776
3.0,187.1367176125653,0.1667859998406026,6.758647351795508,36.8248142777539,6.115223813302546
3.0,134.45280856840523,0.16015397348375798,7.0449360825746,36.83977891301941,5.8928650977655375
3.0,207.77910387143896,0.15160952931684699,7.106610341213836,36.40539398612499,5.429978193738204
10.0,114.12519840886564,0.5723661306798137,7.466229407476252,37.14396610146629,4.412333726415391
10.0,105.32984645537157,0.4650114445849935,7.280193112258239,37.53465718907274,5.060639173514392
10.0,124.08543247495292,0.49972290202088204,7.516903443198538,36.95741816589893,4.296893451973029
10.0,105.05399609299869,0.5718046376270584,6.7239164538737155,37.37590141707657,6.142317470952931
10.0,140.0098602302711,0.5170248479481516,6.544871431895147,36.384602738430274,5.665991148442092
10.0,214.54676840611643,0.5315610950927842,6.42399247544467,36.917325619864805,5.2270423596478
10.0,226.64674889522644,0.5470133059237787,6.551444461780819,37.776468669711306,5.66864662823068
10.0,121.50551486778669,0.5610637712817621,7.538118592701897,36.43572683390504,4.053740848332034
10.0,207.96563756802334,0.506475848568994,7.320869948196555,37.237417921771126,4.968344948720232
10.0,173.97546476819952,0.5045221682664356,7.222276637614636,36.82083930801203,5.365241804722483
30.0,134.59396051321696,1.6077141142465563,6.984355710572105,36.14085174841931,6.232074434343179
30.0,191.1435654681143,1.517497024623148,7.2474474790733,36.66344570416255,5.692221585475814
30.0,202.39688601936226,1.689586058840436,6.661687783822307,36.22625583899937,5.885749059724024
30.0,112.7016602300586,1.2835859563809813,6.450286602201139,36.63354896350997,5.473477519972778
30.0,226.49029376214799,1.7398785293200287,6.511499088764791,36.06919350029174,5.471857039304574
30.0,235.15140521969738,1.69055073357328,6.470140633281246,36.328722041023106,5.392516443853479
30.0,220.97155280097,1.6673363439386653,7.178548377114082,37.69065400595451,5.790026304479536
30.0,185.61302658088246,1.571231890265115,6.836111940139468,36.8894488688899,5.920909698727852
30.0,128.43466158512373,1.2774785891299805,7.2388728725273745,37.76902893897487,5.604981797459966
30.0,221.97501001853314,1.3826590359691178,7.365014092013198,37.91399030969554,5.197057943630274
100.0,91.76767322618754,4.200168632329707,6.9370214692995225,36.94788227359013,6.3532126323397335
100.0,178.02897971208318,4.675323477071733,6.561961538773978,37.95800851601273,5.31846772514323
100.0,121.46999543807604,5.655456992509858,6.878564426972896,36.97523526005265,6.139686040287821
100.0,174.04761115106007,5.706852141154987,6.825341635916734,36.26494818632301,6.060675042458353
100.0,128.4402565452447,5.281050284326488,7.120975631986715,36.746225906830546,6.13594896514771
100.0,123.00971923437227,4.2580847313613885,6.703823061624575,36.295389768139394,5.615448727684783
100.0,173.57389208793464,5.634787887680448,7.300150058271252,37.651312417613035,5.616159217109186
100.0,181.09795722173266,4.7400096268630305,7.0273518158016595,37.74891607837741,6.318179067749175
100.0,144.3307930703996,5.680850817385225,7.433383635777214,36.13682403176055,5.778961732042947
100.0,247.5972976673982,4.424237372495579,6.974500714819881,37.727794996086025,6.329846582613106
300.0,106.70295152325389,17.726213885067907,6.90001522240423,36.08547152482678,5.836472024107313
300.0,88.75666398887806,16.302149231188352,7.590811897451657,36.919611009544816,5.2345019898107905
300.0,239.2599387254909,13.803372006694554,6.941133503892838,37.234331214476555,6.140172948174283
300.0,244.63957319489353,12.470662569584894,7.451738313035632,36.771637791298325,5.932995692321931
300.0,249.7553489164645,15.525799536488098,6.792691475008077,37.220517990008695,5.949712235139876
300.0,248.19825625395038,17.711624407835824,6.954274835378488,37.857644120308414,6.126648935682998
300.0,119.82785390564256,13.998536017640712,6.782970390309081,36.829507328779144,5.914578272576727
300.0,221.42419442151694,16.385539934660244,7.218697416728908,37.28218891974355,6.160964410677522
300.0,191.06170500397548,17.73568101490052,7.20071757612022,37.38654051149123,6.272565407789972
300.0,105.68956672285256,14.716299051851216,6.795459123300494,36.97917144069235,6.069870735584852
1000.0,161.68791211757747,52.21461216966152,6.874181627946549,37.37295403796673,5.906257343243893
1000.0,156.95458487416403,53.238577285693744,6.672883896764375,37.82750957439819,4.931028073318156
1000.0,83.39745918511873,59.473632743860115,6.458639210707239,37.010192250629544,3.581660882090547
1000.0,109.74657648764322,55.560376526269984,6.910391547626651,36.74174919367489,5.801189038204977
1000.0,101.03483579792464,55.91055877242269,7.425391489921611,36.16249401360913,6.140013241225877
1000.0,198.35638575402058,53.38061186854956,6.766645185768647,37.6276239373769,5.447219438889941
1000.0,84.48875593503372,56.7322107381082,6.936044141701218,37.36923908268494,5.702612519772624
1000.0,236.75180661588246,40.06236542228086,7.239392961650979,36.151465630845436,6.340671298995915
1000.0,213.54363308534636,58.56833824285166,7.54201696967838,37.18022304552231,6.25431374592887
1000.0,130.32673543138188,50.21965488485366,6.543415887112499,37.161026691002945,4.190579198162478
3000.0,196.33839955748252,150.7248996488231,6.643875307335984,37.902397907677525,4.23202421721002
3000.0,247.59819905448282,132.31640404865132,7.465542113404964,36.36686093665055,6.199512632622363
3000.0,237.51107560471306,149.99643887172653,6.417242235461919,36.32063075833644,2.8855779276991225
3000.0,105.63935544754365,129.80389914896944,7.065881483674297,37.75763899929964,5.979517583727968
3000.0,162.6904079997103,121.71966998787562,6.993802937752966,37.3138052179911,5.803980510294873
3000.0,174.47616651761953,151.70190453100625,7.131781922216623,36.47307931883047,6.101871876554295
3000.0,245.7270838370215,175.75282523667127,7.185687211129222,37.9051678512002,5.961193879440405
3000.0,170.34076837375176,132.23044052575054,7.075237277063541,36.87167480966181,6.0643907208874515
3000.0,145.82547148719857,176.84591725801025,6.590668530361616,36.2782100188217,3.800232781383918
3000.0,136.4193234822844,179.27566073143421,6.660394576101928,37.6494986725436,4.428825188319869
5000.0,162.82414185829936,236.27529903511413,7.120446560167494,36.28865086022614,6.294664411636694
5000.0,176.58216393146762,229.5189903485062,6.465349682212648,36.201008580493095,2.9543851496496085
5000.0,126.23481682441921,279.2217114739951,7.039599631390875,36.31750443839788,5.491525255680502
5000.0,123.24000794787575,273.13335701998375,6.415396134766765,36.28534520412844,2.4929387340413487
5000.0,203.670083026137,267.005492628677,6.766136907655995,37.62711291791005,4.770413644229935
5000.0,239.27172953358595,223.91935873319693,7.224144730274055,36.36553687876857,6.03646245626706
5000.0,240.23950520789077,232.5273730742103,7.287774135374335,36.32912543905597,6.339753110139356
5000.0,112.41637732988711,227.69191799505666,7.223262891196734,36.18016614754115,6.077834556505674
5000.0,109.47109251955584,220.9340986189093,7.178371271846791,37.73199879571847,6.195340595563116
5000.0,136.05808531090946,263.31202974470636,7.263955511556459,36.34431694650002,6.371831234828208
