run_id,pH,temperature_C,glucose_gL,glutamine_mM,feed_rate_mLh,DO_pct,agitation_rpm,inoculum_1e6,antifoam_mgL,osmolality_mOsm,medium_base,titer_g_L
R001,6.214,34.675,10.014,1.253,1.13,46.672,105.615,0.585,43.501,287.266,CD-CHO,0.0
R002,6.877,38.141,2.984,7.106,1.899,41.917,227.508,1.057,36.056,281.006,CD-CHO,0.404
R003,6.908,35.785,3.212,6.117,0.468,29.182,277.251,1.573,32.928,358.243,CD-CHO,0.0
R004,7.385,38.367,9.312,4.36,0.686,61.925,149.932,1.674,38.491,299.423,BalanCD,0.497
R005,6.307,34.225,7.281,3.107,0.532,52.347,339.828,1.488,16.404,352.564,BalanCD,0.0
R006,6.036,31.091,2.246,7.546,0.892,23.694,160.344,0.241,5.632,290.705,BalanCD,0.0
R007,6.524,36.264,3.645,6.55,0.974,21.035,185.495,1.099,37.51,332.892,CD-CHO,0.0
R008,6.443,30.039,5.32,1.802,0.882,22.308,366.353,0.617,7.322,305.927,ProCHO,0.0
R009,6.188,37.317,10.84,5.98,1.028,49.384,237.682,0.736,13.934,331.88,BalanCD,0.0
R010,6.92,33.888,8.721,5.132,0.108,73.718,257.453,1.883,30.616,336.939,ProCHO,0.12
R011,6.55,37.163,4.598,7.933,0.422,48.371,308.893,1.295,38.951,282.24,ProCHO,0.484
R012,6.642,34.28,5.116,4.372,0.563,47.468,152.855,1.875,28.932,345.592,CD-CHO,0.388
R013,6.74,38.74,4.638,4.871,0.84,52.915,290.878,0.691,35.256,304.827,CD-CHO,0.0
R014,6.931,32.499,6.166,3.088,0.492,63.333,122.537,0.914,46.712,292.552,ProCHO,0.052
R015,7.493,32.217,9.411,7.568,0.808,44.779,103.621,1.995,20.775,285.025,BalanCD,0.0
R016,7.507,35.523,3.083,5.344,0.853,54.511,142.501,0.297,22.749,320.975,CD-CHO,0.0
R017,6.618,33.774,9.01,1.783,1.162,73.445,344.51,1.52,2.404,321.019,BalanCD,0.071
R018,6.985,36.996,10.898,6.023,1.311,34.846,302.942,0.663,14.772,343.443,BalanCD,0.942
R019,6.601,37.211,2.133,5.221,1.965,69.483,323.068,0.909,3.984,336.376,ProCHO,0.252
R020,6.758,31.993,2.56,1.587,1.084,69.621,109.335,0.602,47.207,293.731,CD-CHO,0.007
R021,6.702,37.95,5.962,3.529,1.316,71.36,257.872,0.808,22.858,307.975,ProCHO,0.331
R022,6.087,36.563,8.618,2.46,1.207,26.632,248.382,1.744,40.272,329.117,ProCHO,0.0
R023,6.921,30.214,8.339,4.253,0.995,44.714,119.385,0.8,9.743,350.098,CD-CHO,0.001
R024,6.237,34.403,4.446,4.811,0.252,66.49,224.405,0.569,26.386,284.528,CD-CHO,0.0
R025,6.336,35.723,3.909,1.146,0.609,58.482,208.499,0.53,19.428,343.812,BalanCD,0.128
R026,6.746,33.288,5.612,4.708,0.666,43.828,212.347,1.474,11.382,354.85,CD-CHO,0.0
R027,7.409,38.001,8.679,4.625,1.274,76.595,328.926,0.714,3.342,314.084,CD-CHO,0.174
R028,6.344,38.202,4.035,5.905,1.865,68.108,255.443,1.711,41.007,334.087,BalanCD,0.077
R029,6.943,30.992,5.308,4.565,1.136,49.928,375.126,1.386,25.079,319.552,ProCHO,0.006
R030,7.519,32.746,10.075,2.809,0.115,30.876,345.739,0.539,36.632,318.802,ProCHO,0.0
R031,7.594,36.402,7.703,5.079,0.911,35.958,382.416,1.129,35.615,283.078,CD-CHO,0.0
R032,6.835,34.084,9.466,3.637,1.247,37.314,175.151,0.848,38.082,286.12,ProCHO,0.349
R033,6.47,30.779,6.83,5.601,1.217,54.079,178.578,1.933,48.401,341.412,CD-CHO,0.001
R034,6.764,33.012,10.266,3.879,1.55,75.419,362.933,1.808,48.915,315.484,ProCHO,0.036
R035,7.007,38.532,5.393,7.149,0.634,39.877,394.584,1.562,47.735,350.803,ProCHO,0.0
R036,7.128,30.274,5.748,5.703,0.194,25.184,165.887,1.106,43.068,340.165,ProCHO,0.0
R037,6.637,37.452,8.295,1.94,0.639,66.674,251.133,1.316,23.79,327.91,CD-CHO,0.408
R038,6.999,31.062,8.189,6.559,0.584,79.261,369.61,1.196,30.782,310.043,ProCHO,0.001
R039,7.38,35.214,4.15,3.36,1.368,26.201,379.598,0.72,27.866,348.119,CD-CHO,0.107
R040,7.273,33.946,10.957,2.018,1.688,35.312,272.957,1.222,8.775,312.202,BalanCD,0.178
R041,7.247,35.066,3.49,1.327,1.797,68.388,397.046,1.248,21.474,288.599,BalanCD,0.282
R042,6.803,38.064,6.753,3.606,1.354,24.615,269.059,1.861,11.978,300.895,CD-CHO,0.166
R043,6.064,35.975,9.746,6.218,0.551,25.266,162.871,0.983,12.9,322.238,CD-CHO,0.0
R044,7.093,37.926,11.527,1.282,0.16,69.11,376.651,1.532,18.265,284.463,ProCHO,0.396
R045,6.104,36.681,11.488,6.124,1.962,56.205,192.343,0.766,46.39,301.596,BalanCD,0.0
R046,6.955,31.934,11.636,4.164,0.484,40.848,383.953,0.702,47.892,281.81,BalanCD,0.025
R047,7.235,33.726,3.719,7.898,1.04,33.732,349.666,1.89,18.923,303.644,BalanCD,0.108
R048,7.34,31.497,11.071,1.456,0.723,59.126,265.604,0.823,5.494,309.908,BalanCD,0.006
R049,6.587,34.99,9.536,5.813,0.773,67.457,341.178,1.645,15.329,356.555,ProCHO,0.0
R050,6.406,30.154,7.945,2.203,0.864,63.098,263.375,0.838,3.595,352.401,CD-CHO,0.0
R051,6.516,36.703,11.011,6.492,1.148,30.703,136.8,0.554,24.937,323.342,ProCHO,0.281
R052,6.793,32.6,4.809,5.562,0.375,71.583,332.383,0.946,6.486,285.678,ProCHO,0.026
R053,6.716,38.627,4.546,2.248,1.59,36.263,335.869,0.639,43.972,346.847,BalanCD,0.0
R054,7.157,37.14,9.224,2.891,1.623,32.302,144.743,0.388,14.135,300.256,CD-CHO,0.543
R055,7.361,33.394,10.211,5.473,0.4,27.746,195.143,1.849,6.722,316.929,CD-CHO,0.036
R056,7.166,38.852,7.804,3.181,1.487,61.144,190.072,1.032,4.318,318.417,ProCHO,0.0
R057,7.215,32.868,3.596,7.424,0.144,28.703,354.655,0.576,10.186,291.791,ProCHO,0.015
R058,6.422,36.347,10.38,2.492,0.828,70.981,267.506,0.519,24.446,344.893,CD-CHO,0.216
R059,6.14,35.631,6.618,2.78,0.717,79.688,325.159,1.539,46.059,320.167,CD-CHO,0.0
R060,6.113,38.968,3.378,6.661,0.239,62.558,219.965,1.159,14.471,344.289,CD-CHO,0.0
R061,6.201,35.301,6.729,4.015,1.381,20.306,305.68,1.736,20.335,305.361,CD-CHO,0.0
R062,6.821,34.462,3.134,7.064,1.394,28.33,313.29,1.661,10.375,301.157,ProCHO,0.12
R063,7.318,35.272,4.379,4.095,1.695,27.076,111.597,1.087,37.339,338.982,ProCHO,0.166
R064,7.014,33.552,7.12,6.632,0.305,67.772,133.164,0.429,0.17,313.069,CD-CHO,0.158
R065,6.257,35.414,3.523,7.705,1.758,62.103,278.69,0.409,30.304,327.019,ProCHO,0.079
R066,7.393,33.363,5.767,1.032,0.617,34.303,282.91,0.501,15.842,324.961,CD-CHO,0.045
R067,6.728,32.347,11.177,5.46,1.519,78.795,274.865,0.257,22.102,325.214,BalanCD,0.009
R068,6.245,34.383,11.742,2.58,1.341,43.323,240.5,1.24,23.48,313.566,BalanCD,0.0
R069,7.45,35.877,10.664,1.492,0.337,64.901,134.101,0.971,42.358,355.016,ProCHO,0.0
R070,6.297,32.923,6.538,1.212,0.681,57.662,392.587,1.408,33.86,312.838,ProCHO,0.013
R071,6.784,32.095,6.088,1.402,1.744,48.801,127.032,1.308,44.323,310.69,CD-CHO,0.019
R072,6.682,36.799,9.778,5.168,1.912,25.899,386.177,1.949,8.223,339.72,CD-CHO,0.195
R073,6.779,35.016,10.317,2.571,1.855,35.685,167.783,1.596,42.174,345.334,CD-CHO,0.39
R074,7.428,34.136,2.817,2.659,1.808,22.817,348.392,0.507,39.863,328.929,CD-CHO,0.0
R075,6.626,38.382,7.391,6.945,0.126,31.508,164.16,0.346,31.915,335.419,ProCHO,0.139
R076,6.005,30.863,10.718,6.724,1.298,60.393,101.777,0.378,27.147,357.268,ProCHO,0.0
R077,7.326,38.911,4.857,3.842,0.286,77.842,236.395,1.917,1.327,293.297,CD-CHO,0.0
R078,6.591,33.155,7.668,4.512,0.738,61.573,222.929,0.879,20.02,303.427,ProCHO,0.093
R079,6.433,34.755,7.367,2.839,0.151,55.952,297.052,1.369,2.784,337.834,BalanCD,0.21
R080,6.271,36.129,4.88,3.773,1.334,43.037,114.14,0.25,34.145,349.161,BalanCD,0.159
R081,7.55,33.647,6.387,4.788,1.064,42.166,285.64,1.513,36.421,353.029,BalanCD,0.0
R082,7.221,32.567,2.004,5.401,1.889,50.466,307.241,1.725,44.879,349.784,CD-CHO,0.038
R083,7.149,32.809,2.765,4.957,0.294,74.824,232.694,1.12,42.726,340.848,ProCHO,0.019
R084,6.162,38.304,4.355,2.678,1.653,78.46,241.193,1.969,34.907,289.182,CD-CHO,0.0
R085,6.4,32.677,11.339,3.264,0.321,63.646,200.144,0.232,4.779,356.46,CD-CHO,0.0
R086,7.11,31.676,9.984,6.46,1.715,39.393,198.24,0.92,38.141,288.479,CD-CHO,0.014
R087,6.285,31.541,11.956,5.798,0.571,76.248,311.809,1.004,23.414,335.899,CD-CHO,0.0
R088,6.097,35.396,11.248,2.972,0.748,66.048,333.047,0.999,4.611,295.02,CD-CHO,0.0
R089,7.071,33.677,2.119,2.08,1.263,58.918,353.077,1.459,28.552,339.45,CD-CHO,0.188
R090,7.588,32.255,10.792,5.667,1.714,69.952,173.732,1.184,16.057,351.95,ProCHO,0.0
R091,6.657,31.823,6.19,7.483,0.508,40.43,156.222,1.202,25.604,302.935,ProCHO,0.009
R092,7.183,35.129,3.826,5.311,1.844,64.612,137.779,1.753,17.736,334.567,CD-CHO,0.59
R093,7.046,34.595,6.468,8.0,0.962,30.425,252.414,1.623,16.603,295.552,CD-CHO,0.218
R094,7.547,33.865,8.504,3.69,0.704,27.483,326.893,1.588,41.858,322.744,BalanCD,0.0
R095,6.665,37.626,2.628,1.046,0.36,38.693,116.111,1.169,34.493,298.135,ProCHO,0.19
R096,7.414,30.101,9.324,5.899,0.436,46.552,151.617,0.358,29.519,306.472,ProCHO,0.0
R097,6.856,37.05,11.434,4.751,1.952,76.797,183.66,1.376,43.345,314.672,ProCHO,0.306
R098,6.818,38.555,5.627,3.735,1.187,74.053,356.332,1.271,26.785,286.64,BalanCD,0.0
R099,6.507,30.81,8.067,2.179,1.729,65.172,294.289,1.906,24.353,329.871,BalanCD,0.001
R100,7.174,36.182,6.646,1.352,0.338,74.417,259.738,0.288,17.822,331.399,CD-CHO,0.245
R101,6.461,34.901,11.274,7.846,1.416,54.305,316.955,1.436,45.585,353.599,ProCHO,0.0
R102,6.381,30.723,7.562,2.738,0.787,36.804,188.906,1.5,7.991,317.397,ProCHO,0.0
R103,6.223,35.834,6.975,4.305,1.823,65.658,364.903,0.962,39.408,358.803,CD-CHO,0.0
R104,6.025,31.188,7.145,7.821,1.547,39.503,122.445,0.219,5.95,346.492,ProCHO,0.0
R105,6.488,34.882,7.245,7.454,1.672,39.006,358.546,0.315,28.186,337.219,CD-CHO,0.189
R106,7.539,36.213,3.773,4.219,1.23,55.104,243.417,1.335,49.511,308.117,ProCHO,0.0
R107,7.133,34.823,3.938,7.006,1.995,53.219,139.789,0.682,2.925,319.141,ProCHO,0.569
R108,7.475,31.751,8.471,7.367,1.201,57.155,361.907,1.34,27.685,347.532,CD-CHO,0.0
R109,6.121,30.955,10.125,4.474,1.429,52.064,399.907,0.745,32.755,282.816,BalanCD,0.0
R110,7.567,30.641,3.324,4.984,1.877,21.286,373.739,1.692,15.012,287.941,CD-CHO,0.0
R111,7.461,38.682,5.919,6.303,0.417,51.539,107.345,0.457,32.266,323.775,BalanCD,0.0
R112,7.069,35.596,6.356,4.432,0.756,59.804,221.764,1.048,49.068,326.27,ProCHO,1.422
R113,6.862,33.538,5.195,3.031,1.051,56.83,180.87,1.471,44.464,311.402,CD-CHO,0.247
R114,7.287,37.8,11.588,5.26,0.445,49.245,227.137,1.962,17.244,296.725,BalanCD,0.839
R115,6.175,31.701,3.022,6.806,1.096,34.077,212.725,1.926,33.733,354.28,ProCHO,0.0
R116,6.546,31.148,5.526,4.021,1.45,47.972,128.85,1.833,22.279,302.265,CD-CHO,0.003
R117,6.312,31.604,9.877,7.681,1.44,21.939,324.443,0.652,11.06,298.746,CD-CHO,0.0
R118,7.059,32.037,7.621,7.214,0.517,50.261,281.635,1.349,47.038,316.438,BalanCD,0.031
R119,6.965,31.449,8.162,3.378,1.004,29.825,202.823,1.77,40.784,296.005,BalanCD,0.005
R120,6.699,37.846,8.38,1.683,0.228,77.167,170.65,0.201,9.661,299.897,BalanCD,0.115
R121,7.259,30.522,8.794,1.092,0.173,33.149,296.395,1.145,41.441,355.519,CD-CHO,0.0
R122,6.372,36.522,4.956,5.51,1.11,31.732,390.882,1.417,7.076,330.95,ProCHO,0.14
R123,7.303,30.499,5.476,1.963,0.948,20.554,195.723,0.478,12.188,280.044,BalanCD,0.0
R124,6.196,30.6,8.992,3.279,1.57,53.747,388.956,1.813,11.665,294.133,CD-CHO,0.0
R125,6.33,37.757,9.594,1.873,0.272,41.474,301.267,0.857,8.735,292.382,ProCHO,0.128
R126,6.351,38.487,5.154,7.648,1.633,24.061,371.106,0.419,0.713,333.031,ProCHO,0.0
R127,6.413,38.249,7.058,6.875,0.587,41.369,186.672,1.042,12.669,280.739,BalanCD,0.192
R128,7.194,38.776,6.895,6.277,1.576,28.075,387.975,0.331,10.783,328.359,CD-CHO,0.0
R129,6.538,36.46,9.66,6.762,1.61,37.682,110.605,1.071,5.031,311.82,BalanCD,0.445
R130,7.294,36.05,9.147,1.527,1.405,72.513,171.877,1.777,33.239,342.065,BalanCD,0.332
R131,6.267,37.666,4.733,7.759,0.923,72.05,360.51,0.754,31.622,342.667,CD-CHO,0.041
R132,7.207,30.413,11.807,7.184,1.934,45.644,314.787,0.895,18.523,289.768,BalanCD,0.001
R133,7.433,34.648,7.932,5.745,1.173,75.529,117.085,0.278,39.134,325.869,ProCHO,0.141
R134,6.493,33.241,6.042,1.897,1.982,23.115,179.429,0.867,45.192,357.661,CD-CHO,0.0
R135,6.057,32.16,7.471,4.125,1.667,77.563,146.463,0.398,26.227,351.172,ProCHO,0.0
R136,6.561,33.468,9.118,2.373,1.464,21.541,300.395,1.613,19.22,309.441,CD-CHO,0.0
R137,6.367,34.035,4.08,3.188,1.283,32.453,319.112,1.262,35.802,304.356,ProCHO,0.037
R138,7.082,34.177,3.304,2.3,0.815,78.878,271.353,1.979,20.942,307.13,BalanCD,0.07
R139,6.844,35.95,8.039,4.648,1.918,64.137,215.509,1.291,29.157,338.278,CD-CHO,1.357
R140,6.042,32.406,10.459,2.414,1.603,58.179,157.37,1.148,1.191,347.455,ProCHO,0.0
R141,6.455,36.962,7.825,6.039,0.789,32.81,284.411,1.683,7.555,294.636,CD-CHO,0.235
R142,6.073,35.473,2.261,6.981,1.018,73.056,320.617,1.445,48.701,348.754,BalanCD,0.0
R143,7.026,37.514,4.259,6.395,0.472,56.381,206.467,0.487,49.971,291.304,CD-CHO,0.797
R144,7.1,34.551,4.203,7.262,1.78,42.576,131.048,1.017,40.467,283.903,ProCHO,0.486
R145,7.267,32.458,2.876,7.329,1.772,60.523,337.865,0.605,13.171,359.176,ProCHO,0.0
R146,7.036,31.339,2.743,5.064,1.105,51.347,203.268,1.791,19.69,330.14,ProCHO,0.008
R147,7.529,36.888,5.053,2.355,0.255,50.998,159.645,0.784,1.984,315.769,BalanCD,0.0
R148,7.58,32.941,2.609,3.941,0.937,44.174,262.268,1.554,27.191,332.101,BalanCD,0.0
R149,7.489,31.378,8.86,1.652,0.988,37.157,208.826,1.395,16.921,341.651,BalanCD,0.0
R150,7.347,33.072,2.472,3.481,1.508,59.461,126.108,1.232,13.6,306.662,ProCHO,0.067
R151,6.574,30.353,10.618,6.373,0.393,70.519,233.583,0.436,21.662,297.983,ProCHO,0.0
R152,7.357,36.817,6.255,6.836,0.215,24.367,291.937,0.933,1.768,290.405,CD-CHO,0.101
R153,6.89,37.586,9.822,1.716,0.361,38.349,230.564,1.699,31.043,326.967,BalanCD,0.501
R154,6.156,36.602,11.832,4.918,0.205,72.138,288.5,0.304,25.77,321.96,CD-CHO,0.0
R155,7.458,33.146,10.551,6.197,0.653,67.129,378.695,0.348,31.556,359.948,CD-CHO,0.0
R156,6.892,37.395,5.848,3.438,1.815,29.667,216.516,1.822,29.899,297.488,ProCHO,0.441
R157,6.971,31.277,8.896,3.544,0.898,45.927,245.333,0.461,0.481,308.868,CD-CHO,0.009
R158,6.015,30.319,2.327,2.101,1.476,45.438,247.406,1.635,9.076,333.529,ProCHO,0.0
R159,6.67,31.871,11.895,3.919,1.532,55.624,147.188,0.793,37.163,317.842,BalanCD,0.02
R160,6.137,37.272,2.437,2.959,1.491,47.054,342.571,0.632,45.868,324.062,CD-CHO,0.0
